{
  "chart": {
    "title": "Human Development Index",
    "subtitle": "The Human Development Index (HDI) is a summary measure of key dimensions of human development: a long and healthy life, a good education, and a decent standard of living. Higher values indicate higher human development.",
    "citation": "UNDP, Human Development Report (2025)",
    "originalChartUrl": "https://ourworldindata.org/grapher/human-development-index?v=1&csvType=full&useColumnShortNames=false",
    "selection": [
      "United Kingdom",
      "United States",
      "South Korea",
      "India",
      "China",
      "Brazil",
      "Democratic Republic of Congo",
      "Chile",
      "Switzerland",
      "Central African Republic",
      "Cameroon",
      "Pakistan"
    ]
  },
  "columns": {
    "Human Development Index": {
      "titleShort": "Human Development Index",
      "titleLong": "Human Development Index",
      "descriptionShort": "The Human Development Index (HDI) is a summary measure of key dimensions of human development: a long and healthy life, a good education, and a decent standard of living. Higher values indicate higher human development.",
      "descriptionKey": [
        "The Human Development Index (HDI) provides a broad, intuitive measure for comparing overall human progress across countries and over time. A higher HDI implies longer, healthier lives, better education and higher command over resources; however, it does not capture inequality, sustainability or subjective wellbeing",
        "It is a composite summary of a country's average achievement in three basic dimensions of human development – health (life expectancy), knowledge (schooling) and material wellbeing (GNI per capita) – combined through a geometric mean into a single 0‑to‑1 score.",
        "Each dimension of the HDI is captured by a specific index:\n  - **Healthy life**: Captured by the _Life Expectancy Index_, which is based on life expectancy at birth.\n  - **Good education (knowledge)**: Captured by _Education Index_, which is based on the expected and mean years of schooling.\n  - **Decent standard of living**: Captured by _Gross National Income (GNI) Index_, which is based on the GNI per capita (PPP$).",
        "The index is estimated by normalizing and aggregating the above indicators. First, the indicators are brought onto the same scale, ranging from 0 to 1. This is done by setting minimum and maximum values for each indicator. The minimum and maximum values for each indicator are defined as follows:\n  - Life expectancy at birth ranges between 20 and 85 years\n  - Expected years of schooling between 0 and 18 years; Mean years of schooling, between 0 and 15 years\n  - GNI per capita between 100 and 75,000 international-$ at 2021 prices.",
        "The HDI is then estimated as the geometric mean of these indices. The education index is the arithmetic mean (average) of the mean years of schooling and expected years of schooling."
      ],
      "unit": "",
      "timespan": "1990-2023",
      "type": "Numeric",
      "owidVariableId": 1032439,
      "shortName": "hdi__sex_total",
      "lastUpdated": "2025-05-07",
      "nextUpdate": "2026-05-07",
      "citationShort": "UNDP, Human Development Report (2025) – with minor processing by Our World in Data",
      "citationLong": "UNDP, Human Development Report (2025) – with minor processing by Our World in Data. “Human Development Index – UNDP” [dataset]. UNDP, Human Development Report, “Human Development Report” [original data].",
      "fullMetadata": "https://api.ourworldindata.org/v1/indicators/1032439.metadata.json"
    },
    "World region according to OWID": {
      "titleShort": "World region according to OWID",
      "titleLong": "World region according to OWID",
      "descriptionShort": "Regions defined by Our World in Data, which are used in OWID charts and maps.",
      "unit": "",
      "timespan": "2023-2023",
      "type": "Continent",
      "owidVariableId": 900801,
      "shortName": "owid_region",
      "lastUpdated": "2023-01-01",
      "citationShort": "Our World in Data – processed by Our World in Data",
      "citationLong": "Our World in Data – processed by Our World in Data. “World region according to OWID” [dataset]. Our World in Data, “Regions” [original data].",
      "fullMetadata": "https://api.ourworldindata.org/v1/indicators/900801.metadata.json"
    }
  },
  "dateDownloaded": "2026-01-26",
  "activeFilters": {}
}